Data,Nome,WeekDay
1/1/1993,CONFRATERNIZACAO,sexta-feira
4/21/1993,TIRADENTES,quarta-feira
5/1/1993,DIA DO TRABALHO,sábado
9/7/1993,INDEPENDENCIA,terça-feira
10/12/1993,N.S.APARECIDA,terça-feira
11/2/1993,FINADOS,terça-feira
11/15/1993,PROCLAMACAO DA REP.,segunda-feira
12/25/1993,NATAL,sábado
12/31/1993,ULT.DIA ANO-SEM COMP,sexta-feira
1/1/1994,CONFRATERNIZACAO,sábado
2/14/1994,CARNAVAL,segunda-feira
2/15/1994,CARNAVAL,terça-feira
3/31/1994,QUINTA-FEIRA SANTA,quinta-feira
4/1/1994,SEXTA-FEIRA DA PAIXA,sexta-feira
4/21/1994,TIRADENTES,quinta-feira
5/1/1994,DIA DO TRABALHO,domingo
6/2/1994,CORPUS CHRISTI,quinta-feira
9/7/1994,INDEPENDENCIA,quarta-feira
10/3/1994,ELEICOES GERAIS,segunda-feira
10/12/1994,N.S.APARECIDA,quarta-feira
11/2/1994,FINADOS,quarta-feira
11/15/1994,PROCLAMACAO DA REP.,terça-feira
12/25/1994,NATAL,domingo
1/1/1995,CONFRATERNIZACAO,domingo
2/27/1995,CARNAVAL,segunda-feira
2/28/1995,CARNAVAL,terça-feira
4/13/1995,QUINTA-FEIRA SANTA,quinta-feira
4/14/1995,SEXTA-FEIRA PAIXAO,sexta-feira
4/21/1995,TIRADENTES,sexta-feira
5/1/1995,DIA DO TRABALHO,segunda-feira
6/15/1995,CORPUS CHRISTI,quinta-feira
9/7/1995,INDEPENDENCIA,quinta-feira
10/12/1995,N.S.APARECIDA,quinta-feira
11/2/1995,FINADOS,quinta-feira
11/15/1995,PROCLAMACAO DA REP.,quarta-feira
12/25/1995,NATAL,segunda-feira
1/1/1996,CONFRATERNIZACAO,segunda-feira
2/19/1996,CARNAVAL,segunda-feira
2/20/1996,CARNAVAL,terça-feira
4/4/1996,QUINTA-FEIRA SANTA,quinta-feira
4/5/1996,SEXTA-FEIRA PAIXAO,sexta-feira
4/21/1996,TIRADENTES,domingo
5/1/1996,DIA DO TRABALHO,quarta-feira
6/6/1996,CORPUS CHRISTI,quinta-feira
9/7/1996,INDEPENDENCIA,sábado
10/3/1996,ELEICOES MUNICIPAIS,quinta-feira
10/12/1996,N.S.APARECIDA,sábado
11/2/1996,FINADOS,sábado
11/15/1996,PROCLAMACAO DA REP.,sexta-feira
12/25/1996,NATAL,quarta-feira
1/1/1997,CONFRATERNIZACAO,quarta-feira
2/10/1997,CARNAVAL,segunda-feira
2/11/1997,CARNAVAL,terça-feira
3/27/1997,QUINTA-FEIRA SANTA,quinta-feira
3/28/1997,SEXTA-FEIRA PAIXAO,sexta-feira
4/21/1997,TIRADENTES,segunda-feira
5/1/1997,DIA DO TRABALHO,quinta-feira
5/29/1997,CORPUS CHRISTI,quinta-feira
9/7/1997,INDEPENDENCIA,domingo
10/12/1997,N.S.APARECIDA,domingo
11/2/1997,FINADOS,domingo
11/15/1997,PROCLAMACAO DA REP.,sábado
12/25/1997,NATAL,quinta-feira
1/1/1998,CONFRATERNIZACAO,quinta-feira
2/23/1998,CARNAVAL,segunda-feira
2/24/1998,CARNAVAL,terça-feira
4/9/1998,QUINTA-FEIRA SANTA,quinta-feira
4/10/1998,SEXTA-FEIRA PAIXAO,sexta-feira
4/21/1998,TIRADENTES,terça-feira
5/1/1998,DIA DO TRABALHO,sexta-feira
6/11/1998,CORPUS CHRISTI,quinta-feira
9/7/1998,INDEPENDENCIA,segunda-feira
10/12/1998,N.S.APARECIDA,segunda-feira
11/2/1998,FINADOS,segunda-feira
11/15/1998,PROCLAMACAO DA REP.,domingo
12/25/1998,NATAL,sexta-feira
1/1/1999,CONFRATERNIZACAO,sexta-feira
2/15/1999,CARNAVAL,segunda-feira
2/16/1999,CARNAVAL,terça-feira
4/1/1999,QUINTA-FEIRA SANTA,quinta-feira
4/2/1999,SEXTA-FEIRA PAIXAO,sexta-feira
4/21/1999,TIRADENTES,quarta-feira
5/1/1999,DIA DO TRABALHO,sábado
6/3/1999,CORPUS CHRISTI,quinta-feira
9/7/1999,INDEPENDENCIA,terça-feira
10/12/1999,N.S.APARECIDA,terça-feira
11/2/1999,FINADOS,terça-feira
11/15/1999,PROCLAMACAO DA REP.,segunda-feira
12/25/1999,NATAL,sábado
1/1/2000,CONFRATERNIZACAO,sábado
3/6/2000,SEGUNDA-FEIRA CARNAV,segunda-feira
3/7/2000,TERCA-FEIRA CARNAVAL,terça-feira
4/21/2000,TIRADENTES,sexta-feira
5/1/2000,DIA DO TRABALHO,segunda-feira
6/22/2000,CORPUS CHRISTI,quinta-feira
9/7/2000,INDEPENDENCIA,quinta-feira
10/12/2000,N.S.APARECIDA,quinta-feira
11/2/2000,FINADOS,quinta-feira
11/15/2000,PROCLAMACAO DA REP.,quarta-feira
12/25/2000,NATAL,segunda-feira
1/1/2001,CONFRATERNIZACAO,segunda-feira
2/26/2001,SEGUNDA-FEIRA CARNAV,segunda-feira
2/27/2001,TERCA-FEIRA CARNAVAL,terça-feira
4/13/2001,SEXTA-FEIRA PAIXAO,sexta-feira
4/21/2001,TIRADENTES,sábado
5/1/2001,DIA DO TRABALHO,terça-feira
6/14/2001,CORPUS CHRISTI,quinta-feira
9/7/2001,INDEPENDENCIA,sexta-feira
10/12/2001,N.S.APARECIDA,sexta-feira
11/2/2001,FINADOS,sexta-feira
11/15/2001,PROCLAMACAO DA REP.,quinta-feira
12/25/2001,NATAL,terça-feira
1/1/2002,CONFRATERNIZACAO,terça-feira
2/11/2002,SEGUNDA-FEIRA CARNAV,segunda-feira
2/12/2002,TERCA-FEIRA CARNAVAL,terça-feira
3/29/2002,SEXTA-FEIRA PAIXAO,sexta-feira
4/21/2002,TIRADENTES,domingo
5/1/2002,DIA DO TRABALHO,quarta-feira
5/30/2002,CORPUS CHRISTI,quinta-feira
9/7/2002,INDEPENDENCIA,sábado
10/12/2002,N.S.APARECIDA,sábado
11/2/2002,FINADOS,sábado
11/15/2002,PROCLAMACAO DA REP.,sexta-feira
12/25/2002,NATAL,quarta-feira
1/1/2003,CONFRATERNIZACAO,quarta-feira
3/3/2003,SEGUNDA-FEIRA CARNAV,segunda-feira
3/4/2003,TERCA-FEIRA CARNAVAL,terça-feira
4/18/2003,SEXTA-FEIRA PAIXAO,sexta-feira
4/21/2003,TIRADENTES,segunda-feira
5/1/2003,DIA DO TRABALHO,quinta-feira
6/19/2003,CORPUS CHRISTI,quinta-feira
9/7/2003,INDEPENDENCIA,domingo
10/12/2003,N.S.APARECIDA,domingo
11/2/2003,FINADOS,domingo
11/15/2003,PROCLAMACAO DA REP.,sábado
12/25/2003,NATAL,quinta-feira
1/1/2004,CONFRATERNIZACAO,quinta-feira
2/23/2004,SEGUNDA-FEIRA CARNAV,segunda-feira
2/24/2004,TERCA-FEIRA CARNAVAL,terça-feira
4/9/2004,SEXTA-FEIRA PAIXAO,sexta-feira
4/21/2004,TIRADENTES,quarta-feira
5/1/2004,DIA DO TRABALHO,sábado
6/10/2004,CORPUS CHRISTI,quinta-feira
9/7/2004,INDEPENDENCIA,terça-feira
10/12/2004,N.S.APARECIDA,terça-feira
11/2/2004,FINADOS,terça-feira
11/15/2004,PROCLAMACAO DA REP.,segunda-feira
12/25/2004,NATAL,sábado
1/1/2005,CONFRATERNIZACAO,sábado
2/7/2005,SEGUNDA-FEIRA CARNAV,segunda-feira
2/8/2005,TERCA-FEIRA CARNAVAL,terça-feira
3/25/2005,SEXTA-FEIRA PAIXAO,sexta-feira
4/21/2005,TIRADENTES,quinta-feira
5/1/2005,DIA DO TRABALHO,domingo
5/26/2005,CORPUS CHRISTI,quinta-feira
9/7/2005,INDEPENDENCIA,quarta-feira
10/12/2005,N.S.APARECIDA,quarta-feira
11/2/2005,FINADOS,quarta-feira
11/15/2005,PROCLAMACAO DA REP.,terça-feira
12/25/2005,NATAL,domingo
1/1/2006,CONFRATERNIZACAO,domingo
2/27/2006,SEGUNDA-FEIRA CARNAV,segunda-feira
2/28/2006,TERCA-FEIRA CARNAVAL,terça-feira
4/14/2006,SEXTA-FEIRA PAIXAO,sexta-feira
4/21/2006,TIRADENTES,sexta-feira
5/1/2006,DIA DO TRABALHO,segunda-feira
6/15/2006,CORPUS CHRISTI,quinta-feira
9/7/2006,INDEPENDENCIA,quinta-feira
10/12/2006,N.S.APARECIDA,quinta-feira
11/2/2006,FINADOS,quinta-feira
11/15/2006,PROCLAMACAO DA REP.,quarta-feira
12/25/2006,NATAL,segunda-feira
1/1/2007,CONFRATERNIZACAO,segunda-feira
2/19/2007,SEGUNDA-FEIRA CARNAV,segunda-feira
2/20/2007,TERCA-FEIRA CARNAVAL,terça-feira
4/6/2007,SEXTA-FEIRA PAIXAO,sexta-feira
4/21/2007,TIRADENTES,sábado
5/1/2007,DIA DO TRABALHO,terça-feira
6/7/2007,CORPUS CHRISTI,quinta-feira
9/7/2007,INDEPENDENCIA,sexta-feira
10/12/2007,N.S.APARECIDA,sexta-feira
11/2/2007,FINADOS,sexta-feira
11/15/2007,PROCLAMACAO DA REP.,quinta-feira
12/25/2007,NATAL,terça-feira
1/1/2008,CONFRATERNIZACAO,terça-feira
2/4/2008,SEGUNDA-FEIRA CARNAV,segunda-feira
2/5/2008,TERCA-FEIRA CARNAVAL,terça-feira
3/21/2008,SEXTA-FEIRA PAIXAO,sexta-feira
4/21/2008,TIRADENTES,segunda-feira
5/1/2008,DIA DO TRABALHO,quinta-feira
5/22/2008,CORPUS CHRISTI,quinta-feira
9/7/2008,INDEPENDENCIA,domingo
10/12/2008,N.S.APARECIDA,domingo
11/2/2008,FINADOS,domingo
11/15/2008,PROCLAMACAO DA REP.,sábado
12/25/2008,NATAL,quinta-feira
1/1/2009,CONFRATERNIZACAO,quinta-feira
2/23/2009,SEGUNDA-FEIRA CARNAV,segunda-feira
2/24/2009,TERCA-FEIRA CARNAVAL,terça-feira
4/10/2009,SEXTA-FEIRA PAIXAO,sexta-feira
4/21/2009,TIRADENTES,terça-feira
5/1/2009,DIA DO TRABALHO,sexta-feira
6/11/2009,CORPUS CHRISTI,quinta-feira
9/7/2009,INDEPENDENCIA,segunda-feira
10/12/2009,N.S.APARECIDA,segunda-feira
11/2/2009,FINADOS,segunda-feira
11/15/2009,PROCLAMACAO DA REP.,domingo
12/25/2009,NATAL,sexta-feira
1/1/2010,CONFRATERNIZACAO,sexta-feira
2/15/2010,SEGUNDA-FEIRA CARNAV,segunda-feira
2/16/2010,TERCA-FEIRA CARNAVAL,terça-feira
4/2/2010,SEXTA-FEIRA PAIXAO,sexta-feira
4/21/2010,TIRADENTES,quarta-feira
5/1/2010,DIA DO TRABALHO,sábado
6/3/2010,CORPUS CHRISTI,quinta-feira
9/7/2010,INDEPENDENCIA,terça-feira
10/12/2010,N.S.APARECIDA,terça-feira
11/2/2010,FINADOS,terça-feira
11/15/2010,PROCLAMACAO DA REP.,segunda-feira
12/25/2010,NATAL,sábado
1/1/2011,CONFRATERNIZACAO,sábado
3/7/2011,SEGUNDA-FEIRA CARNAV,segunda-feira
3/8/2011,TERCA-FEIRA CARNAVAL,terça-feira
4/21/2011,TIRADENTES,quinta-feira
4/22/2011,SEXTA-FEIRA PAIXAO,sexta-feira
5/1/2011,DIA DO TRABALHO,domingo
6/23/2011,CORPUS CHRISTI,quinta-feira
9/7/2011,INDEPENDENCIA,quarta-feira
10/12/2011,N.S.APARECIDA,quarta-feira
11/2/2011,FINADOS,quarta-feira
11/15/2011,PROC.DA REPUBLICA,terça-feira
12/25/2011,NATAL,domingo
1/1/2012,CONFRATERNIZACAO,domingo
2/20/2012,SEGUNDA-FEIRA CARNAV,segunda-feira
2/21/2012,TERCA-FEIRA CARNAVAL,terça-feira
4/6/2012,SEXTA-FEIRA PAIXAO,sexta-feira
4/21/2012,TIRADENTES,sábado
5/1/2012,DIA DO TRABALHO,terça-feira
6/7/2012,CORPUS CHRISTI,quinta-feira
9/7/2012,INDEPENDENCIA,sexta-feira
10/12/2012,N.S.APARECIDA,sexta-feira
11/2/2012,FINADOS,sexta-feira
11/15/2012,PROC.DA REPUBLICA,quinta-feira
12/25/2012,NATAL,terça-feira
1/1/2013,CONFRATERNIZACAO,terça-feira
2/11/2013,SEGUNDA-FEIRA CARNAV,segunda-feira
2/12/2013,TERCA-FEIRA CARNAVAL,terça-feira
3/29/2013,SEXTA-FEIRA PAIXAO,sexta-feira
4/21/2013,TIRADENTES,domingo
5/1/2013,DIA DO TRABALHO,quarta-feira
5/30/2013,CORPUS CHRISTI,quinta-feira
9/7/2013,INDEPENDENCIA,sábado
10/12/2013,N.S.APARECIDA,sábado
11/2/2013,FINADOS,sábado
11/15/2013,PROC.DA REPUBLICA,sexta-feira
12/25/2013,NATAL,quarta-feira
1/1/2014,CONFRATERNIZACAO,quarta-feira
3/3/2014,SEGUNDA-FEIRA CARNAV,segunda-feira
3/4/2014,TERCA-FEIRA CARNAVAL,terça-feira
4/18/2014,SEXTA-FEIRA PAIXAO,sexta-feira
4/21/2014,TIRADENTES,segunda-feira
5/1/2014,DIA DO TRABALHO,quinta-feira
6/19/2014,CORPUS CHRISTI,quinta-feira
9/7/2014,INDEPENDENCIA,domingo
10/12/2014,N.S.APARECIDA,domingo
11/2/2014,FINADOS,domingo
11/15/2014,PROC.DA REPUBLICA,sábado
12/25/2014,NATAL,quinta-feira
1/1/2015,CONFRATERNIZACAO,quinta-feira
2/16/2015,SEGUNDA-FEIRA CARNAV,segunda-feira
2/17/2015,TERCA-FEIRA CARNAVAL,terça-feira
4/3/2015,SEXTA-FEIRA PAIXAO,sexta-feira
4/21/2015,TIRADENTES,terça-feira
5/1/2015,DIA DO TRABALHO,sexta-feira
6/4/2015,CORPUS CHRISTI,quinta-feira
9/7/2015,INDEPENDENCIA,segunda-feira
10/12/2015,N.S.APARECIDA,segunda-feira
11/2/2015,FINADOS,segunda-feira
11/15/2015,PROC.DA REPUBLICA,domingo
12/25/2015,NATAL,sexta-feira
1/1/2016,CONFRATERNIZACAO,sexta-feira
2/8/2016,SEGUNDA-FEIRA CARNAV,segunda-feira
2/9/2016,TERCA-FEIRA CARNAVAL,terça-feira
3/25/2016,SEXTA-FEIRA PAIXAO,sexta-feira
4/21/2016,TIRADENTES,quinta-feira
5/1/2016,DIA DO TRABALHO,domingo
5/26/2016,CORPUS CHRISTI,quinta-feira
9/7/2016,INDEPENDENCIA,quarta-feira
10/12/2016,N.S.APARECIDA,quarta-feira
11/2/2016,FINADOS,quarta-feira
11/15/2016,PROC.DA REPUBLICA,terça-feira
12/25/2016,NATAL,domingo
1/1/2017,CONFRATERNIZACAO,domingo
2/27/2017,SEGUNDA-FEIRA CARNAV,segunda-feira
2/28/2017,TERCA-FEIRA CARNAVAL,terça-feira
4/14/2017,SEXTA-FEIRA PAIXAO,sexta-feira
4/21/2017,TIRADENTES,sexta-feira
5/1/2017,DIA DO TRABALHO,segunda-feira
6/15/2017,CORPUS CHRISTI,quinta-feira
9/7/2017,INDEPENDENCIA,quinta-feira
10/12/2017,N.S.APARECIDA,quinta-feira
11/2/2017,FINADOS,quinta-feira
11/15/2017,PROC.DA REPUBLICA,quarta-feira
12/25/2017,NATAL,segunda-feira
1/1/2018,CONFRATERNIZACAO,segunda-feira
2/12/2018,SEGUNDA-FEIRA CARNAV,segunda-feira
2/13/2018,TERCA-FEIRA CARNAVAL,terça-feira
3/30/2018,SEXTA-FEIRA PAIXAO,sexta-feira
4/21/2018,TIRADENTES,sábado
5/1/2018,DIA DO TRABALHO,terça-feira
5/31/2018,CORPUS CHRISTI,quinta-feira
9/7/2018,INDEPENDENCIA,sexta-feira
10/12/2018,N.S.APARECIDA,sexta-feira
11/2/2018,FINADOS,sexta-feira
11/15/2018,PROC.DA REPUBLICA,quinta-feira
12/25/2018,NATAL,terça-feira
1/1/2019,CONFRATERNIZACAO,terça-feira
3/4/2019,SEGUNDA-FEIRA CARNAV,segunda-feira
3/5/2019,TERCA-FEIRA CARNAVAL,terça-feira
4/19/2019,SEXTA-FEIRA PAIXAO,sexta-feira
4/21/2019,TIRADENTES,domingo
5/1/2019,DIA DO TRABALHO,quarta-feira
6/20/2019,CORPUS CHRISTI,quinta-feira
9/7/2019,INDEPENDENCIA,sábado
10/12/2019,N.S.APARECIDA,sábado
11/2/2019,FINADOS,sábado
11/15/2019,PROC.DA REPUBLICA,sexta-feira
12/25/2019,NATAL,quarta-feira
1/1/2020,CONFRATERNIZACAO,quarta-feira
2/24/2020,SEGUNDA-FEIRA CARNAV,segunda-feira
2/25/2020,TERCA-FEIRA CARNAVAL,terça-feira
4/10/2020,SEXTA-FEIRA PAIXAO,sexta-feira
4/21/2020,TIRADENTES,terça-feira
5/1/2020,DIA DO TRABALHO,sexta-feira
6/11/2020,CORPUS CHRISTI,quinta-feira
9/7/2020,INDEPENDENCIA,segunda-feira
10/12/2020,N.S.APARECIDA,segunda-feira
11/2/2020,FINADOS,segunda-feira
11/15/2020,PROC.DA REPUBLICA,domingo
12/25/2020,NATAL,sexta-feira
1/1/2021,CONFRATERNIZACAO,sexta-feira
2/15/2021,SEGUNDA-FEIRA CARNAV,segunda-feira
2/16/2021,TERCA-FEIRA CARNAVAL,terça-feira
4/2/2021,SEXTA-FEIRA PAIXAO,sexta-feira
4/21/2021,TIRADENTES,quarta-feira
5/1/2021,DIA DO TRABALHO,sábado
6/3/2021,CORPUS CHRISTI,quinta-feira
9/7/2021,INDEPENDENCIA,terça-feira
10/12/2021,N.S.APARECIDA,terça-feira
11/2/2021,FINADOS,terça-feira
11/15/2021,PROC.DA REPUBLICA,segunda-feira
12/25/2021,NATAL,sábado
1/1/2022,CONFRATERNIZACAO,sábado
2/28/2022,SEGUNDA-FEIRA CARNAV,segunda-feira
3/1/2022,TERCA-FEIRA CARNAVAL,terça-feira
4/15/2022,SEXTA-FEIRA PAIXAO,sexta-feira
4/21/2022,TIRADENTES,quinta-feira
5/1/2022,DIA DO TRABALHO,domingo
6/16/2022,CORPUS CHRISTI,quinta-feira
9/7/2022,INDEPENDENCIA,quarta-feira
10/12/2022,N.S.APARECIDA,quarta-feira
11/2/2022,FINADOS,quarta-feira
11/15/2022,PROC.DA REPUBLICA,terça-feira
12/25/2022,NATAL,domingo
1/1/2023,CONFRATERNIZACAO,domingo
2/20/2023,SEGUNDA-FEIRA CARNAV,segunda-feira
2/21/2023,TERCA-FEIRA CARNAVAL,terça-feira
4/7/2023,SEXTA-FEIRA PAIXAO,sexta-feira
4/21/2023,TIRADENTES,sexta-feira
5/1/2023,DIA DO TRABALHO,segunda-feira
6/8/2023,CORPUS CHRISTI,quinta-feira
9/7/2023,INDEPENDENCIA,quinta-feira
10/12/2023,N.S.APARECIDA,quinta-feira
11/2/2023,FINADOS,quinta-feira
11/15/2023,PROC.DA REPUBLICA,quarta-feira
12/25/2023,NATAL,segunda-feira
1/1/2024,CONFRATERNIZACAO,segunda-feira
2/12/2024,SEGUNDA-FEIRA CARNAV,segunda-feira
2/13/2024,TERCA-FEIRA CARNAVAL,terça-feira
3/29/2024,SEXTA-FEIRA PAIXAO,sexta-feira
4/21/2024,TIRADENTES,domingo
5/1/2024,DIA DO TRABALHO,quarta-feira
5/30/2024,CORPUS CHRISTI,quinta-feira
9/7/2024,INDEPENDENCIA,sábado
10/12/2024,N.S.APARECIDA,sábado
11/2/2024,FINADOS,sábado
11/15/2024,PROC.DA REPUBLICA,sexta-feira
12/25/2024,NATAL,quarta-feira
1/1/2025,CONFRATERNIZACAO,quarta-feira
3/3/2025,SEGUNDA-FEIRA CARNAV,segunda-feira
3/4/2025,TERCA-FEIRA CARNAVAL,terça-feira
4/18/2025,SEXTA-FEIRA PAIXAO,sexta-feira
4/21/2025,TIRADENTES,segunda-feira
5/1/2025,DIA DO TRABALHO,quinta-feira
6/19/2025,CORPUS CHRISTI,quinta-feira
9/7/2025,INDEPENDENCIA,domingo
10/12/2025,N.S.APARECIDA,domingo
11/2/2025,FINADOS,domingo
11/15/2025,PROC.DA REPUBLICA,sábado
12/25/2025,NATAL,quinta-feira
1/1/2026,CONFRATERNIZACAO,quinta-feira
2/16/2026,SEGUNDA-FEIRA CARNAV,segunda-feira
2/17/2026,TERCA-FEIRA CARNAVAL,terça-feira
4/3/2026,SEXTA-FEIRA PAIXAO,sexta-feira
4/21/2026,TIRADENTES,terça-feira
5/1/2026,DIA DO TRABALHO,sexta-feira
6/4/2026,CORPUS CHRISTI,quinta-feira
9/7/2026,INDEPENDENCIA,segunda-feira
10/12/2026,N.S.APARECIDA,segunda-feira
11/2/2026,FINADOS,segunda-feira
11/15/2026,PROC.DA REPUBLICA,domingo
12/25/2026,NATAL,sexta-feira
1/1/2027,CONFRATERNIZACAO,sexta-feira
2/8/2027,SEGUNDA-FEIRA CARNAV,segunda-feira
2/9/2027,TERCA-FEIRA CARNAVAL,terça-feira
3/26/2027,SEXTA-FEIRA PAIXAO,sexta-feira
4/21/2027,TIRADENTES,quarta-feira
5/1/2027,DIA DO TRABALHO,sábado
5/27/2027,CORPUS CHRISTI,quinta-feira
9/7/2027,INDEPENDENCIA,terça-feira
10/12/2027,N.S.APARECIDA,terça-feira
11/2/2027,FINADOS,terça-feira
11/15/2027,PROC.DA REPUBLICA,segunda-feira
12/25/2027,NATAL,sábado
1/1/2028,CONFRATERNIZACAO,sábado
2/28/2028,SEGUNDA-FEIRA CARNAV,segunda-feira
2/29/2028,TERCA-FEIRA CARNAVAL,terça-feira
4/14/2028,SEXTA-FEIRA PAIXAO,sexta-feira
4/21/2028,TIRADENTES,sexta-feira
5/1/2028,DIA DO TRABALHO,segunda-feira
6/15/2028,CORPUS CHRISTI,quinta-feira
9/7/2028,INDEPENDENCIA,quinta-feira
10/12/2028,N.S.APARECIDA,quinta-feira
11/2/2028,FINADOS,quinta-feira
11/15/2028,PROC.DA REPUBLICA,quarta-feira
12/25/2028,NATAL,segunda-feira
1/1/2029,CONFRATERNIZACAO,segunda-feira
2/12/2029,SEGUNDA-FEIRA CARNAV,segunda-feira
2/13/2029,TERCA-FEIRA CARNAVAL,terça-feira
3/30/2029,SEXTA-FEIRA PAIXAO,sexta-feira
4/21/2029,TIRADENTES,sábado
5/1/2029,DIA DO TRABALHO,terça-feira
5/31/2029,CORPUS CHRISTI,quinta-feira
9/7/2029,INDEPENDENCIA,sexta-feira
10/12/2029,N.S.APARECIDA,sexta-feira
11/2/2029,FINADOS,sexta-feira
11/15/2029,PROC.DA REPUBLICA,quinta-feira
12/25/2029,NATAL,terça-feira
1/1/2030,CONFRATERNIZACAO,terça-feira
3/4/2030,SEGUNDA-FEIRA CARNAV,segunda-feira
3/5/2030,TERCA-FEIRA CARNAVAL,terça-feira
4/19/2030,SEXTA-FEIRA PAIXAO,sexta-feira
4/21/2030,TIRADENTES,domingo
5/1/2030,DIA DO TRABALHO,quarta-feira
6/20/2030,CORPUS CHRISTI,quinta-feira
9/7/2030,INDEPENDENCIA,sábado
10/12/2030,N.S.APARECIDA,sábado
11/2/2030,FINADOS,sábado
11/15/2030,PROC.DA REPUBLICA,sexta-feira
12/25/2030,NATAL,quarta-feira
1/1/2031,CONFRATERNIZACAO,quarta-feira
2/24/2031,SEGUNDA-FEIRA CARNAV,segunda-feira
2/25/2031,TERCA-FEIRA CARNAVAL,terça-feira
4/11/2031,SEXTA-FEIRA PAIXAO,sexta-feira
4/21/2031,TIRADENTES,segunda-feira
5/1/2031,DIA DO TRABALHO,quinta-feira
6/12/2031,CORPUS CHRISTI,quinta-feira
9/7/2031,INDEPENDENCIA,domingo
10/12/2031,N.S.APARECIDA,domingo
11/2/2031,FINADOS,domingo
11/15/2031,PROC.DA REPUBLICA,sábado
12/25/2031,NATAL,quinta-feira
1/1/2032,CONFRATERNIZACAO,quinta-feira
2/9/2032,SEGUNDA-FEIRA CARNAV,segunda-feira
2/10/2032,TERCA-FEIRA CARNAVAL,terça-feira
3/26/2032,SEXTA-FEIRA PAIXAO,sexta-feira
4/21/2032,TIRADENTES,quarta-feira
5/1/2032,DIA DO TRABALHO,sábado
5/27/2032,CORPUS CHRISTI,quinta-feira
9/7/2032,INDEPENDENCIA,terça-feira
10/12/2032,N.S.APARECIDA,terça-feira
11/2/2032,FINADOS,terça-feira
11/15/2032,PROC.DA REPUBLICA,segunda-feira
12/25/2032,NATAL,sábado
1/1/2033,CONFRATERNIZACAO,sábado
2/28/2033,SEGUNDA-FEIRA CARNAV,segunda-feira
3/1/2033,TERCA-FEIRA CARNAVAL,terça-feira
4/15/2033,SEXTA-FEIRA PAIXAO,sexta-feira
4/21/2033,TIRADENTES,quinta-feira
5/1/2033,DIA DO TRABALHO,domingo
6/16/2033,CORPUS CHRISTI,quinta-feira
9/7/2033,INDEPENDENCIA,quarta-feira
10/12/2033,N.S.APARECIDA,quarta-feira
11/2/2033,FINADOS,quarta-feira
11/15/2033,PROC.DA REPUBLICA,terça-feira
12/25/2033,NATAL,domingo
1/1/2034,CONFRATERNIZACAO,domingo
2/20/2034,SEGUNDA-FEIRA CARNAV,segunda-feira
2/21/2034,TERCA-FEIRA CARNAVAL,terça-feira
4/7/2034,SEXTA-FEIRA PAIXAO,sexta-feira
4/21/2034,TIRADENTES,sexta-feira
5/1/2034,DIA DO TRABALHO,segunda-feira
6/8/2034,CORPUS CHRISTI,quinta-feira
9/7/2034,INDEPENDENCIA,quinta-feira
10/12/2034,N.S.APARECIDA,quinta-feira
11/2/2034,FINADOS,quinta-feira
11/15/2034,PROC.DA REPUBLICA,quarta-feira
12/25/2034,NATAL,segunda-feira
1/1/2035,CONFRATERNIZACAO,segunda-feira
2/5/2035,SEGUNDA-FEIRA CARNAV,segunda-feira
2/6/2035,TERCA-FEIRA CARNAVAL,terça-feira
3/23/2035,SEXTA-FEIRA PAIXAO,sexta-feira
4/21/2035,TIRADENTES,sábado
5/1/2035,DIA DO TRABALHO,terça-feira
5/24/2035,CORPUS CHRISTI,quinta-feira
9/7/2035,INDEPENDENCIA,sexta-feira
10/12/2035,N.S.APARECIDA,sexta-feira
11/2/2035,FINADOS,sexta-feira
11/15/2035,PROC.DA REPUBLICA,quinta-feira
12/25/2035,NATAL,terça-feira
1/1/2036,CONFRATERNIZACAO,terça-feira
2/25/2036,SEGUNDA-FEIRA CARNAV,segunda-feira
2/26/2036,TERCA-FEIRA CARNAVAL,terça-feira
4/11/2036,SEXTA-FEIRA PAIXAO,sexta-feira
4/21/2036,TIRADENTES,segunda-feira
5/1/2036,DIA DO TRABALHO,quinta-feira
6/12/2036,CORPUS CHRISTI,quinta-feira
9/7/2036,INDEPENDENCIA,domingo
10/12/2036,N.S.APARECIDA,domingo
11/2/2036,FINADOS,domingo
11/15/2036,PROC.DA REPUBLICA,sábado
12/25/2036,NATAL,quinta-feira
1/1/2037,CONFRATERNIZACAO,quinta-feira
2/16/2037,SEGUNDA-FEIRA CARNAV,segunda-feira
2/17/2037,TERCA-FEIRA CARNAVAL,terça-feira
4/3/2037,SEXTA-FEIRA PAIXAO,sexta-feira
4/21/2037,TIRADENTES,terça-feira
5/1/2037,DIA DO TRABALHO,sexta-feira
6/4/2037,CORPUS CHRISTI,quinta-feira
9/7/2037,INDEPENDENCIA,segunda-feira
10/12/2037,N.S.APARECIDA,segunda-feira
11/2/2037,FINADOS,segunda-feira
11/15/2037,PROC.DA REPUBLICA,domingo
12/25/2037,NATAL,sexta-feira
1/1/2038,CONFRATERNIZACAO,sexta-feira
3/8/2038,SEGUNDA-FEIRA CARNAV,segunda-feira
3/9/2038,TERCA-FEIRA CARNAVAL,terça-feira
4/21/2038,TIRADENTES,quarta-feira
4/23/2038,SEXTA-FEIRA PAIXAO,sexta-feira
5/1/2038,DIA DO TRABALHO,sábado
6/24/2038,CORPUS CHRISTI,quinta-feira
9/7/2038,INDEPENDENCIA,terça-feira
10/12/2038,N.S.APARECIDA,terça-feira
11/2/2038,FINADOS,terça-feira
11/15/2038,PROC.DA REPUBLICA,segunda-feira
12/25/2038,NATAL,sábado
1/1/2039,CONFRATERNIZACAO,sábado
2/21/2039,SEGUNDA-FEIRA CARNAV,segunda-feira
2/22/2039,TERCA-FEIRA CARNAVAL,terça-feira
4/8/2039,SEXTA-FEIRA PAIXAO,sexta-feira
4/21/2039,TIRADENTES,quinta-feira
5/1/2039,DIA DO TRABALHO,domingo
6/9/2039,CORPUS CHRISTI,quinta-feira
9/7/2039,INDEPENDENCIA,quarta-feira
10/12/2039,N.S.APARECIDA,quarta-feira
11/2/2039,FINADOS,quarta-feira
11/15/2039,PROC.DA REPUBLICA,terça-feira
12/25/2039,NATAL,domingo
1/1/2040,CONFRATERNIZACAO,domingo
2/13/2040,SEGUNDA-FEIRA CARNAV,segunda-feira
2/14/2040,TERCA-FEIRA CARNAVAL,terça-feira
3/30/2040,SEXTA-FEIRA PAIXAO,sexta-feira
4/21/2040,TIRADENTES,sábado
5/1/2040,DIA DO TRABALHO,terça-feira
5/31/2040,CORPUS CHRISTI,quinta-feira
9/7/2040,INDEPENDENCIA,sexta-feira
10/12/2040,N.S.APARECIDA,sexta-feira
11/2/2040,FINADOS,sexta-feira
11/15/2040,PROC.DA REPUBLICA,quinta-feira
12/25/2040,NATAL,terça-feira
1/1/2041,CONFRATERNIZACAO,terça-feira
3/4/2041,SEGUNDA-FEIRA CARNAV,segunda-feira
3/5/2041,TERCA-FEIRA CARNAVAL,terça-feira
4/19/2041,SEXTA-FEIRA PAIXAO,sexta-feira
4/21/2041,TIRADENTES,domingo
5/1/2041,DIA DO TRABALHO,quarta-feira
6/20/2041,CORPUS CHRISTI,quinta-feira
9/7/2041,INDEPENDENCIA,sábado
10/12/2041,N.S.APARECIDA,sábado
11/2/2041,FINADOS,sábado
11/15/2041,PROC.DA REPUBLICA,sexta-feira
12/25/2041,NATAL,quarta-feira
1/1/2042,CONFRATERNIZACAO,quarta-feira
2/17/2042,SEGUNDA-FEIRA CARNAV,segunda-feira
2/18/2042,TERCA-FEIRA CARNAVAL,terça-feira
4/4/2042,SEXTA-FEIRA PAIXAO,sexta-feira
4/21/2042,TIRADENTES,segunda-feira
5/1/2042,DIA DO TRABALHO,quinta-feira
6/5/2042,CORPUS CHRISTI,quinta-feira
9/7/2042,INDEPENDENCIA,domingo
10/12/2042,N.S.APARECIDA,domingo
11/2/2042,FINADOS,domingo
11/15/2042,PROC.DA REPUBLICA,sábado
12/25/2042,NATAL,quinta-feira
1/1/2043,CONFRATERNIZACAO,quinta-feira
2/9/2043,SEGUNDA-FEIRA CARNAV,segunda-feira
2/10/2043,TERCA-FEIRA CARNAVAL,terça-feira
3/27/2043,SEXTA-FEIRA PAIXAO,sexta-feira
4/21/2043,TIRADENTES,terça-feira
5/1/2043,DIA DO TRABALHO,sexta-feira
5/28/2043,CORPUS CHRISTI,quinta-feira
9/7/2043,INDEPENDENCIA,segunda-feira
10/12/2043,N.S.APARECIDA,segunda-feira
11/2/2043,FINADOS,segunda-feira
11/15/2043,PROC.DA REPUBLICA,domingo
12/25/2043,NATAL,sexta-feira
1/1/2044,CONFRATERNIZACAO,sexta-feira
2/29/2044,SEGUNDA-FEIRA CARNAV,segunda-feira
3/1/2044,TERCA-FEIRA CARNAVAL,terça-feira
4/15/2044,SEXTA-FEIRA PAIXAO,sexta-feira
4/21/2044,TIRADENTES,quinta-feira
5/1/2044,DIA DO TRABALHO,domingo
6/16/2044,CORPUS CHRISTI,quinta-feira
9/7/2044,INDEPENDENCIA,quarta-feira
10/12/2044,N.S.APARECIDA,quarta-feira
11/2/2044,FINADOS,quarta-feira
11/15/2044,PROC.DA REPUBLICA,terça-feira
12/25/2044,NATAL,domingo
1/1/2045,CONFRATERNIZACAO,domingo
2/20/2045,SEGUNDA-FEIRA CARNAV,segunda-feira
2/21/2045,TERCA-FEIRA CARNAVAL,terça-feira
4/7/2045,SEXTA-FEIRA PAIXAO,sexta-feira
4/21/2045,TIRADENTES,sexta-feira
5/1/2045,DIA DO TRABALHO,segunda-feira
6/8/2045,CORPUS CHRISTI,quinta-feira
9/7/2045,INDEPENDENCIA,quinta-feira
10/12/2045,N.S.APARECIDA,quinta-feira
11/2/2045,FINADOS,quinta-feira
11/15/2045,PROC.DA REPUBLICA,quarta-feira
12/25/2045,NATAL,segunda-feira
1/1/2046,CONFRATERNIZACAO,segunda-feira
2/5/2046,SEGUNDA-FEIRA CARNAV,segunda-feira
2/6/2046,TERCA-FEIRA CARNAVAL,terça-feira
3/23/2046,SEXTA-FEIRA PAIXAO,sexta-feira
4/21/2046,TIRADENTES,sábado
5/1/2046,DIA DO TRABALHO,terça-feira
5/24/2046,CORPUS CHRISTI,quinta-feira
9/7/2046,INDEPENDENCIA,sexta-feira
10/12/2046,N.S.APARECIDA,sexta-feira
11/2/2046,FINADOS,sexta-feira
11/15/2046,PROC.DA REPUBLICA,quinta-feira
12/25/2046,NATAL,terça-feira
1/1/2047,CONFRATERNIZACAO,terça-feira
2/25/2047,SEGUNDA-FEIRA CARNAV,segunda-feira
2/26/2047,TERCA-FEIRA CARNAVAL,terça-feira
4/12/2047,SEXTA-FEIRA PAIXAO,sexta-feira
4/21/2047,TIRADENTES,domingo
5/1/2047,DIA DO TRABALHO,quarta-feira
6/13/2047,CORPUS CHRISTI,quinta-feira
9/7/2047,INDEPENDENCIA,sábado
10/12/2047,N.S.APARECIDA,sábado
11/2/2047,FINADOS,sábado
11/15/2047,PROC.DA REPUBLICA,sexta-feira
12/25/2047,NATAL,quarta-feira
1/1/2048,CONFRATERNIZACAO,quarta-feira
2/17/2048,SEGUNDA-FEIRA CARNAV,segunda-feira
2/18/2048,TERCA-FEIRA CARNAVAL,terça-feira
4/3/2048,SEXTA-FEIRA PAIXAO,sexta-feira
4/21/2048,TIRADENTES,terça-feira
5/1/2048,DIA DO TRABALHO,sexta-feira
6/4/2048,CORPUS CHRISTI,quinta-feira
9/7/2048,INDEPENDENCIA,segunda-feira
10/12/2048,N.S.APARECIDA,segunda-feira
11/2/2048,FINADOS,segunda-feira
11/15/2048,PROC.DA REPUBLICA,domingo
12/25/2048,NATAL,sexta-feira
1/1/2049,CONFRATERNIZACAO,sexta-feira
3/1/2049,SEGUNDA-FEIRA CARNAV,segunda-feira
3/2/2049,TERCA-FEIRA CARNAVAL,terça-feira
4/16/2049,SEXTA-FEIRA PAIXAO,sexta-feira
4/21/2049,TIRADENTES,quarta-feira
5/1/2049,DIA DO TRABALHO,sábado
6/17/2049,CORPUS CHRISTI,quinta-feira
9/7/2049,INDEPENDENCIA,terça-feira
10/12/2049,N.S.APARECIDA,terça-feira
11/2/2049,FINADOS,terça-feira
11/15/2049,PROC.DA REPUBLICA,segunda-feira
12/25/2049,NATAL,sábado
1/1/2050,CONFRATERNIZACAO,sábado
2/21/2050,SEGUNDA-FEIRA CARNAV,segunda-feira
2/22/2050,TERCA-FEIRA CARNAVAL,terça-feira
4/8/2050,SEXTA-FEIRA PAIXAO,sexta-feira
4/21/2050,TIRADENTES,quinta-feira
5/1/2050,DIA DO TRABALHO,domingo
6/9/2050,CORPUS CHRISTI,quinta-feira
9/7/2050,INDEPENDENCIA,quarta-feira
10/12/2050,N.S.APARECIDA,quarta-feira
11/2/2050,FINADOS,quarta-feira
11/15/2050,PROC.DA REPUBLICA,terça-feira
12/25/2050,NATAL,domingo
1/1/2051,CONFRATERNIZACAO,domingo
2/13/2051,SEGUNDA-FEIRA CARNAV,segunda-feira
2/14/2051,TERCA-FEIRA CARNAVAL,terça-feira
3/31/2051,SEXTA-FEIRA PAIXAO,sexta-feira
4/21/2051,TIRADENTES,sexta-feira
5/1/2051,DIA DO TRABALHO,segunda-feira
6/1/2051,CORPUS CHRISTI,quinta-feira
9/7/2051,INDEPENDENCIA,quinta-feira
10/12/2051,N.S.APARECIDA,quinta-feira
11/2/2051,FINADOS,quinta-feira
11/15/2051,PROC.DA REPUBLICA,quarta-feira
12/25/2051,NATAL,segunda-feira
1/1/2052,CONFRATERNIZACAO,segunda-feira
3/4/2052,SEGUNDA-FEIRA CARNAV,segunda-feira
3/5/2052,TERCA-FEIRA CARNAVAL,terça-feira
4/19/2052,SEXTA-FEIRA PAIXAO,sexta-feira
4/21/2052,TIRADENTES,domingo
5/1/2052,DIA DO TRABALHO,quarta-feira
6/20/2052,CORPUS CHRISTI,quinta-feira
9/7/2052,INDEPENDENCIA,sábado
10/12/2052,N.S.APARECIDA,sábado
11/2/2052,FINADOS,sábado
11/15/2052,PROC.DA REPUBLICA,sexta-feira
12/25/2052,NATAL,quarta-feira
1/1/2053,CONFRATERNIZACAO,quarta-feira
2/17/2053,SEGUNDA-FEIRA CARNAV,segunda-feira
2/18/2053,TERCA-FEIRA CARNAVAL,terça-feira
4/4/2053,SEXTA-FEIRA PAIXAO,sexta-feira
4/21/2053,TIRADENTES,segunda-feira
5/1/2053,DIA DO TRABALHO,quinta-feira
6/5/2053,CORPUS CHRISTI,quinta-feira
9/7/2053,INDEPENDENCIA,domingo
10/12/2053,N.S.APARECIDA,domingo
11/2/2053,FINADOS,domingo
11/15/2053,PROC.DA REPUBLICA,sábado
12/25/2053,NATAL,quinta-feira
1/1/2054,CONFRATERNIZACAO,quinta-feira
2/9/2054,SEGUNDA-FEIRA CARNAV,segunda-feira
2/10/2054,TERCA-FEIRA CARNAVAL,terça-feira
3/27/2054,SEXTA-FEIRA PAIXAO,sexta-feira
4/21/2054,TIRADENTES,terça-feira
5/1/2054,DIA DO TRABALHO,sexta-feira
5/28/2054,CORPUS CHRISTI,quinta-feira
9/7/2054,INDEPENDENCIA,segunda-feira
10/12/2054,N.S.APARECIDA,segunda-feira
11/2/2054,FINADOS,segunda-feira
11/15/2054,PROC.DA REPUBLICA,domingo
12/25/2054,NATAL,sexta-feira
1/1/2055,CONFRATERNIZACAO,sexta-feira
3/1/2055,SEGUNDA-FEIRA CARNAV,segunda-feira
3/2/2055,TERCA-FEIRA CARNAVAL,terça-feira
4/16/2055,SEXTA-FEIRA PAIXAO,sexta-feira
4/21/2055,TIRADENTES,quarta-feira
5/1/2055,DIA DO TRABALHO,sábado
6/17/2055,CORPUS CHRISTI,quinta-feira
9/7/2055,INDEPENDENCIA,terça-feira
10/12/2055,N.S.APARECIDA,terça-feira
11/2/2055,FINADOS,terça-feira
11/15/2055,PROC.DA REPUBLICA,segunda-feira
12/25/2055,NATAL,sábado
1/1/2056,CONFRATERNIZACAO,sábado
2/14/2056,SEGUNDA-FEIRA CARNAV,segunda-feira
2/15/2056,TERCA-FEIRA CARNAVAL,terça-feira
3/31/2056,SEXTA-FEIRA PAIXAO,sexta-feira
4/21/2056,TIRADENTES,sexta-feira
5/1/2056,DIA DO TRABALHO,segunda-feira
6/1/2056,CORPUS CHRISTI,quinta-feira
9/7/2056,INDEPENDENCIA,quinta-feira
10/12/2056,N.S.APARECIDA,quinta-feira
11/2/2056,FINADOS,quinta-feira
11/15/2056,PROC.DA REPUBLICA,quarta-feira
12/25/2056,NATAL,segunda-feira
1/1/2057,CONFRATERNIZACAO,segunda-feira
3/5/2057,SEGUNDA-FEIRA CARNAV,segunda-feira
3/6/2057,TERCA-FEIRA CARNAVAL,terça-feira
4/20/2057,SEXTA-FEIRA PAIXAO,sexta-feira
4/21/2057,TIRADENTES,sábado
5/1/2057,DIA DO TRABALHO,terça-feira
6/21/2057,CORPUS CHRISTI,quinta-feira
9/7/2057,INDEPENDENCIA,sexta-feira
10/12/2057,N.S.APARECIDA,sexta-feira
11/2/2057,FINADOS,sexta-feira
11/15/2057,PROC.DA REPUBLICA,quinta-feira
12/25/2057,NATAL,terça-feira
1/1/2058,CONFRATERNIZACAO,terça-feira
2/25/2058,SEGUNDA-FEIRA CARNAV,segunda-feira
2/26/2058,TERCA-FEIRA CARNAVAL,terça-feira
4/12/2058,SEXTA-FEIRA PAIXAO,sexta-feira
4/21/2058,TIRADENTES,domingo
5/1/2058,DIA DO TRABALHO,quarta-feira
6/13/2058,CORPUS CHRISTI,quinta-feira
9/7/2058,INDEPENDENCIA,sábado
10/12/2058,N.S.APARECIDA,sábado
11/2/2058,FINADOS,sábado
11/15/2058,PROC.DA REPUBLICA,sexta-feira
12/25/2058,NATAL,quarta-feira
1/1/2059,CONFRATERNIZACAO,quarta-feira
2/10/2059,SEGUNDA-FEIRA CARNAV,segunda-feira
2/11/2059,TERCA-FEIRA CARNAVAL,terça-feira
3/28/2059,SEXTA-FEIRA PAIXAO,sexta-feira
4/21/2059,TIRADENTES,segunda-feira
5/1/2059,DIA DO TRABALHO,quinta-feira
5/29/2059,CORPUS CHRISTI,quinta-feira
9/7/2059,INDEPENDENCIA,domingo
10/12/2059,N.S.APARECIDA,domingo
11/2/2059,FINADOS,domingo
11/15/2059,PROC.DA REPUBLICA,sábado
12/25/2059,NATAL,quinta-feira
1/1/2060,CONFRATERNIZACAO,quinta-feira
3/1/2060,SEGUNDA-FEIRA CARNAV,segunda-feira
3/2/2060,TERCA-FEIRA CARNAVAL,terça-feira
4/16/2060,SEXTA-FEIRA PAIXAO,sexta-feira
4/21/2060,TIRADENTES,quarta-feira
5/1/2060,DIA DO TRABALHO,sábado
6/17/2060,CORPUS CHRISTI,quinta-feira
9/7/2060,INDEPENDENCIA,terça-feira
10/12/2060,N.S.APARECIDA,terça-feira
11/2/2060,FINADOS,terça-feira
11/15/2060,PROC.DA REPUBLICA,segunda-feira
12/25/2060,NATAL,sábado
1/1/2061,CONFRATERNIZACAO,sábado
2/21/2061,SEGUNDA-FEIRA CARNAV,segunda-feira
2/22/2061,TERCA-FEIRA CARNAVAL,terça-feira
4/8/2061,SEXTA-FEIRA PAIXAO,sexta-feira
4/21/2061,TIRADENTES,quinta-feira
5/1/2061,DIA DO TRABALHO,domingo
6/9/2061,CORPUS CHRISTI,quinta-feira
9/7/2061,INDEPENDENCIA,quarta-feira
10/12/2061,N.S.APARECIDA,quarta-feira
11/2/2061,FINADOS,quarta-feira
11/15/2061,PROC.DA REPUBLICA,terça-feira
12/25/2061,NATAL,domingo
1/1/2062,CONFRATERNIZACAO,domingo
2/6/2062,SEGUNDA-FEIRA CARNAV,segunda-feira
2/7/2062,TERCA-FEIRA CARNAVAL,terça-feira
3/24/2062,SEXTA-FEIRA PAIXAO,sexta-feira
4/21/2062,TIRADENTES,sexta-feira
5/1/2062,DIA DO TRABALHO,segunda-feira
5/25/2062,CORPUS CHRISTI,quinta-feira
9/7/2062,INDEPENDENCIA,quinta-feira
10/12/2062,N.S.APARECIDA,quinta-feira
11/2/2062,FINADOS,quinta-feira
11/15/2062,PROC.DA REPUBLICA,quarta-feira
12/25/2062,NATAL,segunda-feira
1/1/2063,CONFRATERNIZACAO,segunda-feira
2/26/2063,SEGUNDA-FEIRA CARNAV,segunda-feira
2/27/2063,TERCA-FEIRA CARNAVAL,terça-feira
4/13/2063,SEXTA-FEIRA PAIXAO,sexta-feira
4/21/2063,TIRADENTES,sábado
5/1/2063,DIA DO TRABALHO,terça-feira
6/14/2063,CORPUS CHRISTI,quinta-feira
9/7/2063,INDEPENDENCIA,sexta-feira
10/12/2063,N.S.APARECIDA,sexta-feira
11/2/2063,FINADOS,sexta-feira
11/15/2063,PROC.DA REPUBLICA,quinta-feira
12/25/2063,NATAL,terça-feira
1/1/2064,CONFRATERNIZACAO,terça-feira
2/18/2064,SEGUNDA-FEIRA CARNAV,segunda-feira
2/19/2064,TERCA-FEIRA CARNAVAL,terça-feira
4/4/2064,SEXTA-FEIRA PAIXAO,sexta-feira
4/21/2064,TIRADENTES,segunda-feira
5/1/2064,DIA DO TRABALHO,quinta-feira
6/5/2064,CORPUS CHRISTI,quinta-feira
9/7/2064,INDEPENDENCIA,domingo
10/12/2064,N.S.APARECIDA,domingo
11/2/2064,FINADOS,domingo
11/15/2064,PROC.DA REPUBLICA,sábado
12/25/2064,NATAL,quinta-feira
1/1/2065,CONFRATERNIZACAO,quinta-feira
2/9/2065,SEGUNDA-FEIRA CARNAV,segunda-feira
2/10/2065,TERCA-FEIRA CARNAVAL,terça-feira
3/27/2065,SEXTA-FEIRA PAIXAO,sexta-feira
4/21/2065,TIRADENTES,terça-feira
5/1/2065,DIA DO TRABALHO,sexta-feira
5/28/2065,CORPUS CHRISTI,quinta-feira
9/7/2065,INDEPENDENCIA,segunda-feira
10/12/2065,N.S.APARECIDA,segunda-feira
11/2/2065,FINADOS,segunda-feira
11/15/2065,PROC.DA REPUBLICA,domingo
12/25/2065,NATAL,sexta-feira
1/1/2066,CONFRATERNIZACAO,sexta-feira
2/22/2066,SEGUNDA-FEIRA CARNAV,segunda-feira
2/23/2066,TERCA-FEIRA CARNAVAL,terça-feira
4/9/2066,SEXTA-FEIRA PAIXAO,sexta-feira
4/21/2066,TIRADENTES,quarta-feira
5/1/2066,DIA DO TRABALHO,sábado
6/10/2066,CORPUS CHRISTI,quinta-feira
9/7/2066,INDEPENDENCIA,terça-feira
10/12/2066,N.S.APARECIDA,terça-feira
11/2/2066,FINADOS,terça-feira
11/15/2066,PROC.DA REPUBLICA,segunda-feira
12/25/2066,NATAL,sábado
1/1/2067,CONFRATERNIZACAO,sábado
2/14/2067,SEGUNDA-FEIRA CARNAV,segunda-feira
2/15/2067,TERCA-FEIRA CARNAVAL,terça-feira
4/1/2067,SEXTA-FEIRA PAIXAO,sexta-feira
4/21/2067,TIRADENTES,quinta-feira
5/1/2067,DIA DO TRABALHO,domingo
6/2/2067,CORPUS CHRISTI,quinta-feira
9/7/2067,INDEPENDENCIA,quarta-feira
10/12/2067,N.S.APARECIDA,quarta-feira
11/2/2067,FINADOS,quarta-feira
11/15/2067,PROC.DA REPUBLICA,terça-feira
12/25/2067,NATAL,domingo
1/1/2068,CONFRATERNIZACAO,domingo
3/5/2068,SEGUNDA-FEIRA CARNAV,segunda-feira
3/6/2068,TERCA-FEIRA CARNAVAL,terça-feira
4/20/2068,SEXTA-FEIRA PAIXAO,sexta-feira
4/21/2068,TIRADENTES,sábado
5/1/2068,DIA DO TRABALHO,terça-feira
6/21/2068,CORPUS CHRISTI,quinta-feira
9/7/2068,INDEPENDENCIA,sexta-feira
10/12/2068,N.S.APARECIDA,sexta-feira
11/2/2068,FINADOS,sexta-feira
11/15/2068,PROC.DA REPUBLICA,quinta-feira
12/25/2068,NATAL,terça-feira
1/1/2069,CONFRATERNIZACAO,terça-feira
2/25/2069,SEGUNDA-FEIRA CARNAV,segunda-feira
2/26/2069,TERCA-FEIRA CARNAVAL,terça-feira
4/12/2069,SEXTA-FEIRA PAIXAO,sexta-feira
4/21/2069,TIRADENTES,domingo
5/1/2069,DIA DO TRABALHO,quarta-feira
6/13/2069,CORPUS CHRISTI,quinta-feira
9/7/2069,INDEPENDENCIA,sábado
10/12/2069,N.S.APARECIDA,sábado
11/2/2069,FINADOS,sábado
11/15/2069,PROC.DA REPUBLICA,sexta-feira
12/25/2069,NATAL,quarta-feira
1/1/2070,CONFRATERNIZACAO,quarta-feira
2/10/2070,SEGUNDA-FEIRA CARNAV,segunda-feira
2/11/2070,TERCA-FEIRA CARNAVAL,terça-feira
3/28/2070,SEXTA-FEIRA PAIXAO,sexta-feira
4/21/2070,TIRADENTES,segunda-feira
5/1/2070,DIA DO TRABALHO,quinta-feira
5/29/2070,CORPUS CHRISTI,quinta-feira
9/7/2070,INDEPENDENCIA,domingo
10/12/2070,N.S.APARECIDA,domingo
11/2/2070,FINADOS,domingo
11/15/2070,PROC.DA REPUBLICA,sábado
12/25/2070,NATAL,quinta-feira
1/1/2071,CONFRATERNIZACAO,quinta-feira
3/2/2071,SEGUNDA-FEIRA CARNAV,segunda-feira
3/3/2071,TERCA-FEIRA CARNAVAL,terça-feira
4/17/2071,SEXTA-FEIRA PAIXAO,sexta-feira
4/21/2071,TIRADENTES,terça-feira
5/1/2071,DIA DO TRABALHO,sexta-feira
6/18/2071,CORPUS CHRISTI,quinta-feira
9/7/2071,INDEPENDENCIA,segunda-feira
10/12/2071,N.S.APARECIDA,segunda-feira
11/2/2071,FINADOS,segunda-feira
11/15/2071,PROC.DA REPUBLICA,domingo
12/25/2071,NATAL,sexta-feira
1/1/2072,CONFRATERNIZACAO,sexta-feira
2/22/2072,SEGUNDA-FEIRA CARNAV,segunda-feira
2/23/2072,TERCA-FEIRA CARNAVAL,terça-feira
4/8/2072,SEXTA-FEIRA PAIXAO,sexta-feira
4/21/2072,TIRADENTES,quinta-feira
5/1/2072,DIA DO TRABALHO,domingo
6/9/2072,CORPUS CHRISTI,quinta-feira
9/7/2072,INDEPENDENCIA,quarta-feira
10/12/2072,N.S.APARECIDA,quarta-feira
11/2/2072,FINADOS,quarta-feira
11/15/2072,PROC.DA REPUBLICA,terça-feira
12/25/2072,NATAL,domingo
1/1/2073,CONFRATERNIZACAO,domingo
2/6/2073,SEGUNDA-FEIRA CARNAV,segunda-feira
2/7/2073,TERCA-FEIRA CARNAVAL,terça-feira
3/24/2073,SEXTA-FEIRA PAIXAO,sexta-feira
4/21/2073,TIRADENTES,sexta-feira
5/1/2073,DIA DO TRABALHO,segunda-feira
5/25/2073,CORPUS CHRISTI,quinta-feira
9/7/2073,INDEPENDENCIA,quinta-feira
10/12/2073,N.S.APARECIDA,quinta-feira
11/2/2073,FINADOS,quinta-feira
11/15/2073,PROC.DA REPUBLICA,quarta-feira
12/25/2073,NATAL,segunda-feira
1/1/2074,CONFRATERNIZACAO,segunda-feira
2/26/2074,SEGUNDA-FEIRA CARNAV,segunda-feira
2/27/2074,TERCA-FEIRA CARNAVAL,terça-feira
4/13/2074,SEXTA-FEIRA PAIXAO,sexta-feira
4/21/2074,TIRADENTES,sábado
5/1/2074,DIA DO TRABALHO,terça-feira
6/14/2074,CORPUS CHRISTI,quinta-feira
9/7/2074,INDEPENDENCIA,sexta-feira
10/12/2074,N.S.APARECIDA,sexta-feira
11/2/2074,FINADOS,sexta-feira
11/15/2074,PROC.DA REPUBLICA,quinta-feira
12/25/2074,NATAL,terça-feira
1/1/2075,CONFRATERNIZACAO,terça-feira
2/18/2075,SEGUNDA-FEIRA CARNAV,segunda-feira
2/19/2075,TERCA-FEIRA CARNAVAL,terça-feira
4/5/2075,SEXTA-FEIRA PAIXAO,sexta-feira
4/21/2075,TIRADENTES,domingo
5/1/2075,DIA DO TRABALHO,quarta-feira
6/6/2075,CORPUS CHRISTI,quinta-feira
9/7/2075,INDEPENDENCIA,sábado
10/12/2075,N.S.APARECIDA,sábado
11/2/2075,FINADOS,sábado
11/15/2075,PROC.DA REPUBLICA,sexta-feira
12/25/2075,NATAL,quarta-feira
1/1/2076,CONFRATERNIZACAO,quarta-feira
3/2/2076,SEGUNDA-FEIRA CARNAV,segunda-feira
3/3/2076,TERCA-FEIRA CARNAVAL,terça-feira
4/17/2076,SEXTA-FEIRA PAIXAO,sexta-feira
4/21/2076,TIRADENTES,terça-feira
5/1/2076,DIA DO TRABALHO,sexta-feira
6/18/2076,CORPUS CHRISTI,quinta-feira
9/7/2076,INDEPENDENCIA,segunda-feira
10/12/2076,N.S.APARECIDA,segunda-feira
11/2/2076,FINADOS,segunda-feira
11/15/2076,PROC.DA REPUBLICA,domingo
12/25/2076,NATAL,sexta-feira
1/1/2077,CONFRATERNIZACAO,sexta-feira
2/22/2077,SEGUNDA-FEIRA CARNAV,segunda-feira
2/23/2077,TERCA-FEIRA CARNAVAL,terça-feira
4/9/2077,SEXTA-FEIRA PAIXAO,sexta-feira
4/21/2077,TIRADENTES,quarta-feira
5/1/2077,DIA DO TRABALHO,sábado
6/10/2077,CORPUS CHRISTI,quinta-feira
9/7/2077,INDEPENDENCIA,terça-feira
10/12/2077,N.S.APARECIDA,terça-feira
11/2/2077,FINADOS,terça-feira
11/15/2077,PROC.DA REPUBLICA,segunda-feira
12/25/2077,NATAL,sábado
1/1/2078,CONFRATERNIZACAO,sábado
2/14/2078,SEGUNDA-FEIRA CARNAV,segunda-feira
2/15/2078,TERCA-FEIRA CARNAVAL,terça-feira
4/1/2078,SEXTA-FEIRA PAIXAO,sexta-feira
4/21/2078,TIRADENTES,quinta-feira
5/1/2078,DIA DO TRABALHO,domingo
6/2/2078,CORPUS CHRISTI,quinta-feira
9/7/2078,INDEPENDENCIA,quarta-feira
10/12/2078,N.S.APARECIDA,quarta-feira
11/2/2078,FINADOS,quarta-feira
11/15/2078,PROC.DA REPUBLICA,terça-feira
12/25/2078,NATAL,domingo
